dataset,workers,total_time
big,1,1834.8506762981415
big,2,823.1349046230316
big,4,412.66356587409973
big,8,219.44376850128174
big,16,127.5617504119873
big,32,92.21753811836243
big,64,76.66210150718689
