seed_idx,estimate
1,289746.4826663941
0,281152.5145094697
